LGA,Year,Weighted House Price,Type A Percentage,Type B Percentage,Type C Percentage,Type D Percentage,Type E Percentage,Offence Rate,Total Loss On EGM,EGM Rate,Price Level,EGM Split
Ballarat,2016,334852.68,15.16,61.04,4.03,5.67,13.86,11679.23,54611247.32,466.93,Low,False
Ballarat,2017,360223.85,16.14,60.04,3.26,5.56,14.83,10973.84,54568804.35,466.57,Low,False
Ballarat,2018,396334.04,16.96,55.31,3.99,6.33,17.23,10097.76,55763965.38,476.79,Low,False
Ballarat,2019,426034.96,13.58,62.96,3.51,4.69,15.13,10695.71,57540687.41,491.98,Low,False
Ballarat,2020,486200.09,16.22,51.98,4.29,5.18,18.72,8746.47,43713216.26,373.75,Low,False
Banyule,2016,883535.71,12.38,62.18,5.11,4.31,15.82,7904.46,55979946.78,357.87,Medium,False
Banyule,2017,995094.14,12.67,60.37,4.01,4.46,18.23,7504.27,55820854.07,356.85,Medium,False
Banyule,2018,977475.73,12.13,54.13,5.48,5.19,22.95,7252.88,58536906.89,374.22,Medium,False
Banyule,2019,949106.26,12.1,54.42,6.65,4.92,21.79,7285.21,57758108.75,369.24,Medium,False
Banyule,2020,1005507.16,12.42,48.71,9.16,4.57,20.28,7257.43,42485587.54,271.6,High,False
Bayside,2016,1855808.69,13.32,67.49,4.17,5.45,9.32,5243.31,13615020.66,139.88,High,False
Bayside,2017,2053294.82,12.69,65.13,4.47,5.5,11.79,4591.71,14710079.11,151.13,High,False
Bayside,2018,1996543.6,13.0,64.0,6.17,5.53,10.95,4478.94,15378669.22,157.99,High,False
Bayside,2019,1864596.32,10.85,68.83,4.1,3.98,12.1,4849.33,13807869.64,141.86,High,False
Bayside,2020,2090267.04,11.08,62.8,5.73,4.24,10.76,5319.09,10227125.75,105.07,High,False
Boroondara,2016,2031865.25,9.1,74.4,4.57,3.79,7.97,4737.25,19997261.39,109.12,High,False
Boroondara,2017,2271777.62,12.2,70.81,4.07,4.46,8.24,4094.04,19330775.5,105.48,High,False
Boroondara,2018,2155023.41,10.73,74.83,4.42,3.17,6.68,3869.87,20325757.29,110.91,High,False
Boroondara,2019,2095494.63,11.0,74.87,4.46,2.72,6.82,4530.15,20450974.24,111.59,High,False
Boroondara,2020,2177949.37,11.06,71.83,3.46,2.76,6.76,4504.29,13839655.64,75.52,High,False
Brimbank,2016,538872.26,13.47,59.99,7.65,6.13,12.63,9375.09,143045743.5,689.02,Low,False
Brimbank,2017,640862.42,16.57,55.71,7.06,6.34,14.11,8317.16,134141671.9,646.13,Medium,False
Brimbank,2018,653634.8,15.44,56.02,6.45,5.79,16.04,9204.4,139507225.2,671.98,Medium,False
Brimbank,2019,631861.42,16.21,55.86,6.06,6.03,15.65,9571.46,142904247.8,688.34,Medium,False
Brimbank,2020,660237.45,14.12,50.78,7.49,5.55,13.78,9899.47,101974223.8,491.19,Medium,False
Cardinia,2016,532708.55,15.31,56.4,4.8,4.61,18.65,7408.81,25041008.45,270.69,Low,False
Cardinia,2017,643157.38,17.73,54.12,7.05,6.88,13.67,5686.6,27045323.57,292.36,Medium,False
Cardinia,2018,693125.65,16.54,53.6,5.85,6.1,17.55,5654.31,29046899.53,313.99,Medium,False
Cardinia,2019,647958.05,17.28,54.94,6.0,5.77,15.61,5926.68,28545146.74,308.57,Medium,False
Cardinia,2020,692958.97,16.32,44.11,6.26,4.95,18.11,6525.04,21286227.94,230.1,Medium,False
Casey,2016,509360.41,17.05,60.31,4.98,4.35,13.18,7697.2,124817967.3,417.58,Low,False
Casey,2017,601348.95,19.71,55.75,5.35,5.03,14.01,6531.24,127093891.9,425.19,Medium,False
Casey,2018,634396.26,18.8,55.49,6.77,5.03,13.84,6217.63,131514174.6,439.98,Medium,False
Casey,2019,600351.38,17.01,57.61,6.88,5.4,13.03,6401.03,132360622.0,442.81,Medium,False
Casey,2020,633930.36,17.27,47.41,8.44,4.89,15.28,6370.85,98000778.71,327.86,Medium,False
Darebin,2016,906779.77,10.03,71.22,5.6,4.79,8.21,10864.07,84324281.52,634.1,Medium,False
Darebin,2017,1032842.38,10.51,71.36,4.14,4.48,9.3,9449.61,81112259.79,609.95,High,False
Darebin,2018,1013293.98,11.11,70.01,4.87,4.64,9.25,9698.1,82129607.7,617.6,High,False
Darebin,2019,976951.84,11.46,69.4,4.29,4.23,10.49,9233.43,81576110.09,613.44,Medium,False
Darebin,2020,1063438.04,12.07,55.33,9.0,5.45,11.17,10019.36,56942296.11,428.2,High,False
Frankston,2016,516354.69,13.57,53.11,7.19,8.43,17.57,12120.26,62900685.34,476.68,Low,False
Frankston,2017,627371.73,15.84,49.35,6.89,7.82,19.95,10154.27,62408098.64,472.95,Medium,False
Frankston,2018,655353.06,15.84,50.98,7.25,7.49,18.28,10507.24,64622291.4,489.73,Medium,False
Frankston,2019,621864.67,14.44,51.79,7.05,7.47,19.16,10509.97,62253454.9,471.77,Medium,False
Frankston,2020,660194.72,15.29,40.3,8.99,7.12,19.05,10397.28,46303077.79,350.9,Medium,False
Glen Eira,2016,1502573.44,12.96,62.44,5.97,5.92,12.5,5061.82,76214352.31,505.53,High,False
Glen Eira,2017,1611932.64,14.15,66.08,5.62,5.57,8.14,4526.15,76259820.19,505.83,High,False
Glen Eira,2018,1526739.61,13.27,65.06,5.69,6.8,8.9,4246.37,77171466.4,511.88,High,False
Glen Eira,2019,1493443.37,13.17,65.15,5.74,4.82,10.9,4799.4,74244676.72,492.47,High,False
Glen Eira,2020,1626798.87,12.93,59.89,5.15,4.03,11.11,5086.13,54025303.76,358.35,High,False
Greater Bendigo,2016,339083.8,15.09,50.81,4.65,7.37,21.88,9667.13,48696383.97,349.99,Low,False
Greater Bendigo,2017,344045.52,15.81,50.27,4.94,7.32,21.54,8503.92,47754127.2,343.22,Low,False
Greater Bendigo,2018,358967.97,18.09,47.85,4.98,8.18,20.73,9079.41,49335223.89,354.58,Low,False
Greater Bendigo,2019,372259.52,15.6,52.33,4.7,6.37,20.8,9688.36,50671967.86,364.19,Low,False
Greater Bendigo,2020,417964.8,16.25,47.51,5.98,6.82,20.58,9221.56,37393438.34,268.75,Low,False
Greater Dandenong,2016,604166.09,15.26,56.18,6.69,7.54,14.05,12879.01,118836649.2,796.55,Medium,False
Greater Dandenong,2017,680143.66,17.87,50.83,7.74,8.51,14.78,11105.18,118190093.0,792.21,Medium,False
Greater Dandenong,2018,692704.89,15.43,54.2,7.83,8.32,13.92,11092.51,121420072.8,813.86,Medium,False
Greater Dandenong,2019,655655.83,15.73,53.83,7.57,7.49,15.15,11374.9,119311877.9,799.73,Medium,False
Greater Dandenong,2020,691418.37,14.67,46.47,8.02,5.96,14.38,11682.0,87430092.38,586.03,Medium,False
Greater Geelong,2016,410691.02,11.92,66.07,4.41,6.06,11.38,9586.31,111421993.38,446.19,Low,True
Greater Geelong,2017,475782.47,14.02,63.23,4.84,5.56,12.15,9313.1,113600980.73,454.92,Low,True
Greater Geelong,2018,535354.98,15.31,59.91,4.99,6.74,12.65,8202.23,116960814.87,468.38,Low,True
Greater Geelong,2019,531078.5,15.87,56.82,5.83,7.03,14.12,8343.78,118489347.12,474.5,Low,True
Greater Geelong,2020,583593.76,15.16,51.74,6.72,6.35,16.51,8630.79,87733340.16,351.33,Low,True
Hobsons Bay,2016,800145.27,13.44,62.25,4.23,6.41,13.04,7166.78,46829609.25,517.87,Medium,False
Hobsons Bay,2017,924547.3,15.72,62.52,3.46,6.26,11.43,6420.36,46908518.85,518.74,Medium,False
Hobsons Bay,2018,918868.41,15.68,56.27,4.7,7.63,14.91,6553.86,47437370.43,524.59,Medium,False
Hobsons Bay,2019,882106.26,15.45,58.59,6.89,6.07,12.42,6497.74,47042973.65,520.23,Medium,False
Hobsons Bay,2020,913991.19,15.93,52.34,6.97,4.55,10.94,6119.15,34611658.77,382.75,Medium,False
Hume,2016,441014.49,13.24,60.64,5.79,5.12,14.57,11419.96,106043755.0,555.47,Low,False
Hume,2017,536220.23,15.28,59.64,5.31,5.67,13.87,9348.48,105766409.6,554.02,Low,False
Hume,2018,574831.28,15.89,56.88,6.91,5.67,14.39,9179.43,109623804.8,574.23,Low,False
Hume,2019,554342.56,16.67,54.5,6.43,5.17,17.12,9098.87,111695894.1,585.08,Low,False
Hume,2020,576290.19,16.84,44.4,7.77,5.36,16.18,9026.32,85935114.72,450.14,Low,False
Kingston,2016,876825.44,12.18,61.67,6.08,6.03,13.53,7278.17,83473105.91,553.6,Medium,False
Kingston,2017,1024546.93,12.76,62.07,5.71,6.17,12.78,6687.27,83016928.48,550.58,High,False
Kingston,2018,993352.83,14.49,60.33,5.66,6.23,12.64,6805.83,86280868.83,572.23,Medium,False
Kingston,2019,947335.95,12.83,58.75,6.37,5.83,15.81,7419.51,85701350.43,568.38,Medium,False
Kingston,2020,1020071.87,14.04,52.16,6.89,4.57,16.17,7127.01,62080320.77,411.73,High,False
Knox,2016,736206.36,13.36,62.01,7.18,6.34,10.95,7565.81,73822339.93,458.18,Medium,False
Knox,2017,842598.65,13.3,59.18,9.82,6.15,11.33,6982.82,75061924.49,465.87,Medium,False
Knox,2018,822967.02,15.05,55.29,10.78,6.59,12.11,6651.52,75860234.52,470.82,Medium,False
Knox,2019,786214.06,13.31,60.82,9.44,4.68,11.7,7300.93,73890071.24,458.6,Medium,False
Knox,2020,824253.43,14.54,52.11,11.26,5.56,12.01,7342.47,53495581.38,332.02,Medium,False
Manningham,2016,1174338.28,14.68,70.03,4.01,3.61,7.62,4091.54,56271032.24,446.41,High,False
Manningham,2017,1317660.03,12.83,68.65,5.24,3.85,9.32,3950.02,54170062.46,429.74,High,False
Manningham,2018,1241112.22,14.38,67.76,6.44,3.16,8.07,3486.26,58387460.55,463.2,High,False
Manningham,2019,1193289.44,13.37,68.03,4.83,3.89,9.77,4050.51,56358630.19,447.11,High,False
Manningham,2020,1248789.06,14.49,63.13,5.08,3.53,9.51,3780.07,40882396.55,324.33,High,False
Maribyrnong,2016,818534.97,10.12,68.74,6.61,6.94,6.35,10511.61,53735025.14,659.79,Medium,False
Maribyrnong,2017,913070.34,12.83,67.7,4.97,6.56,7.55,9103.5,54068510.53,663.88,Medium,False
Maribyrnong,2018,927113.77,11.77,68.6,5.31,6.21,7.81,9491.29,54924962.83,674.4,Medium,False
Maribyrnong,2019,856922.41,13.13,64.22,6.4,6.31,9.78,9948.58,57257924.75,703.04,Medium,False
Maribyrnong,2020,892224.08,10.79,61.89,6.16,6.95,6.97,10239.55,42243207.83,518.68,Medium,False
Maroondah,2016,761723.26,13.31,53.91,7.03,7.23,18.11,8013.07,65184083.08,584.45,Medium,False
Maroondah,2017,867949.28,14.18,54.31,4.74,6.85,19.58,7131.12,65114897.86,583.83,Medium,False
Maroondah,2018,853144.3,14.7,50.99,6.06,7.12,20.57,6918.25,65326363.45,585.73,Medium,False
Maroondah,2019,796428.1,15.79,52.47,6.22,7.11,18.19,6919.0,62861488.65,563.63,Medium,False
Maroondah,2020,857421.06,14.79,47.5,9.06,6.49,18.24,6772.05,45231944.01,405.56,Medium,False
Melbourne,2016,1374788.18,12.77,60.27,5.36,10.82,10.35,25932.26,79770052.63,656.42,High,False
Melbourne,2017,1587353.88,13.42,58.4,6.56,11.42,9.1,23392.5,80349220.84,661.19,High,False
Melbourne,2018,1493113.18,13.59,54.86,7.38,12.45,10.52,22141.49,83992700.4,691.17,High,False
Melbourne,2019,1391032.25,13.42,56.92,7.96,11.54,9.91,21512.62,84505931.59,695.4,High,False
Melbourne,2020,1437999.93,12.28,48.29,8.97,8.05,8.44,21397.63,60550927.45,498.27,High,False
Melton,2016,547578.78,14.9,60.79,5.22,5.38,13.54,8522.84,60035038.01,464.76,Low,False
Melton,2017,625570.17,17.53,57.61,4.1,5.02,15.62,7148.77,61157311.67,473.45,Medium,False
Melton,2018,649128.94,17.54,55.68,4.61,5.21,16.74,6801.72,66052977.77,511.35,Medium,False
Melton,2019,638006.07,16.6,55.54,5.3,6.1,16.31,7619.54,67781774.82,524.73,Medium,False
Melton,2020,680717.77,17.76,46.12,5.59,5.25,19.12,8270.05,51592384.79,399.4,Medium,False
Monash,2016,1095474.5,11.3,72.58,4.16,3.73,8.08,6507.98,111391124.0,605.62,High,False
Monash,2017,1239526.12,12.37,69.34,4.63,4.49,8.81,5680.6,109200787.1,593.71,High,False
Monash,2018,1178846.25,13.42,68.63,4.46,4.33,8.43,5217.41,111942285.4,608.62,High,False
Monash,2019,1118210.39,13.03,68.04,6.33,4.72,7.8,5851.46,110209894.9,599.2,High,False
Monash,2020,1169735.49,13.7,59.7,6.38,4.32,9.33,6387.74,80541622.78,437.9,High,False
Moonee Valley,2016,1014690.2,12.11,67.44,5.7,5.18,9.41,7827.72,75401077.51,651.95,High,False
Moonee Valley,2017,1142339.3,12.46,62.45,5.87,6.8,12.14,6921.6,75679083.21,654.35,High,False
Moonee Valley,2018,1212031.12,11.6,67.47,5.31,6.79,8.15,6863.66,78589175.42,679.51,High,False
Moonee Valley,2019,1129755.9,13.08,62.37,7.08,5.19,12.13,6550.32,77650758.56,671.4,High,False
Moonee Valley,2020,1172817.52,11.98,56.94,6.94,4.14,11.99,6628.49,57497773.73,497.15,High,False
Moreland,2016,814186.22,12.07,69.49,4.93,3.97,9.25,8628.27,63531110.68,408.86,Medium,False
Moreland,2017,953060.53,13.21,67.77,3.98,4.68,10.09,7277.71,61627685.48,396.61,Medium,False
Moreland,2018,933081.77,14.33,65.47,5.14,4.63,10.15,8192.3,64168977.16,412.96,Medium,False
Moreland,2019,883897.49,14.54,62.89,5.16,4.98,12.21,8012.18,63544651.2,408.94,Medium,False
Moreland,2020,976901.85,13.45,58.89,6.01,4.27,11.58,7648.17,45240802.69,291.15,Medium,False
Mornington Peninsula,2016,680271.03,14.19,53.59,5.62,10.22,16.15,7432.77,82381143.15,457.72,Medium,False
Mornington Peninsula,2017,785100.67,13.83,54.45,5.85,10.55,15.11,6647.87,82563313.29,458.73,Medium,False
Mornington Peninsula,2018,854364.38,14.19,52.89,6.7,8.1,17.65,6482.19,83996241.79,466.7,Medium,False
Mornington Peninsula,2019,836503.43,13.66,56.19,6.91,7.2,15.66,6649.7,83357567.15,463.15,Medium,False
Mornington Peninsula,2020,931161.51,14.08,43.93,8.34,6.19,18.43,6658.01,63053341.44,350.33,Medium,False
Nillumbik,2016,762702.72,12.5,66.49,3.12,3.28,13.95,4947.49,34071169.2,464.56,Medium,True
Nillumbik,2017,865280.81,16.39,64.56,4.26,4.26,10.41,3609.46,35182414.41,479.72,Medium,True
Nillumbik,2018,895413.7,15.33,60.94,7.78,4.32,11.44,3264.54,36153549.61,492.96,Medium,True
Nillumbik,2019,877759.16,15.58,57.99,5.33,5.55,15.18,3463.95,36834252.11,502.24,Medium,True
Nillumbik,2020,950270.23,16.4,50.02,6.73,7.35,15.26,3555.55,27789505.11,378.91,Medium,True
Port Phillip,2016,1564173.34,11.26,69.41,5.9,6.31,6.84,12520.83,28095943.28,322.63,High,False
Port Phillip,2017,1715668.26,12.22,65.67,6.42,7.5,7.95,11422.26,27466983.75,315.41,High,False
Port Phillip,2018,1776513.69,12.89,64.78,6.89,6.96,8.24,11828.45,27496648.16,315.75,High,False
Port Phillip,2019,1701644.86,12.91,61.96,7.36,6.65,10.72,11226.32,28426650.63,326.43,High,False
Port Phillip,2020,1742784.81,12.97,54.33,8.09,5.69,9.44,12275.94,21478127.17,246.64,High,False
Stonnington,2016,2288948.58,9.68,72.57,5.77,6.58,5.26,10440.26,23443276.63,242.05,High,False
Stonnington,2017,2415324.19,10.81,67.83,7.48,6.93,6.73,8811.78,23032562.79,237.8,High,False
Stonnington,2018,2334233.22,11.02,68.44,6.89,7.28,5.99,9512.97,20852827.55,215.3,High,False
Stonnington,2019,2286582.71,11.21,70.56,6.32,5.82,5.9,10326.89,19862345.3,205.07,High,False
Stonnington,2020,2546046.84,10.66,61.1,7.44,4.87,7.2,10290.38,14118284.77,145.77,High,False
Whitehorse,2016,1128793.89,14.75,68.77,3.92,4.06,8.36,4708.77,53182056.73,338.99,High,False
Whitehorse,2017,1282915.44,13.93,67.22,4.23,4.83,9.34,4814.48,52884289.66,337.09,High,False
Whitehorse,2018,1194200.95,13.29,68.14,5.11,4.83,8.43,4697.56,53601233.78,341.66,High,False
Whitehorse,2019,1139119.57,12.81,69.43,4.38,3.29,9.96,5243.32,52795623.89,336.52,High,False
Whitehorse,2020,1220058.38,13.19,60.81,5.32,3.56,11.15,5286.94,37533801.12,239.24,High,False
Whittlesea,2016,496754.14,13.55,66.29,5.5,3.82,10.75,8048.95,77580433.2,464.56,Low,True
Whittlesea,2017,610761.49,16.34,60.91,4.76,3.74,14.16,7265.91,80110750.99,479.72,Medium,True
Whittlesea,2018,625195.13,17.41,59.29,5.12,4.41,13.64,7077.94,82322036.69,492.96,Medium,True
Whittlesea,2019,599596.76,16.9,58.7,5.61,4.21,14.3,7285.73,83872003.89,502.24,Low,True
Whittlesea,2020,624857.68,16.84,49.33,8.47,4.57,14.82,7268.01,63277013.84,378.91,Medium,True
Wyndham,2016,433867.68,13.63,64.79,4.36,4.99,12.07,6775.09,97384531.85,500.25,Low,False
Wyndham,2017,514497.31,16.49,59.87,4.6,5.83,12.95,5889.73,97761233.6,502.19,Low,False
Wyndham,2018,557302.97,16.26,58.11,5.55,5.68,14.0,5627.02,105458372.2,541.73,Low,False
Wyndham,2019,545719.4,15.97,59.5,4.91,4.77,14.72,6132.85,106057102.2,544.8,Low,False
Wyndham,2020,566493.59,17.15,51.68,5.46,4.52,13.57,6356.95,75755561.99,389.15,Low,False
Yarra,2016,1278619.71,9.86,69.94,6.33,6.51,7.1,15074.17,32992353.39,401.04,High,False
Yarra,2017,1393498.58,11.84,67.19,5.71,7.55,7.56,14053.52,30801195.8,374.41,High,False
Yarra,2018,1345349.1,10.63,69.61,5.31,6.67,7.4,14327.15,31076310.57,377.75,High,False
Yarra,2019,1297482.43,12.32,66.93,7.21,6.96,6.38,13986.37,30265707.48,367.9,High,False
Yarra,2020,1388476.82,11.41,57.63,7.95,6.24,7.72,14691.4,22747249.32,276.51,High,False
Yarra Ranges,2016,602174.1,16.51,54.0,7.67,7.33,14.05,5744.53,28793677.63,160.24,Medium,False
Yarra Ranges,2017,695618.94,19.08,50.23,5.64,6.61,18.09,5238.81,28850082.09,160.55,Medium,False
Yarra Ranges,2018,704113.82,17.62,52.19,7.01,6.41,16.38,4851.76,29300516.12,163.06,Medium,False
Yarra Ranges,2019,671587.83,16.04,57.3,6.82,5.35,14.3,5781.6,29226804.27,162.65,Medium,False
Yarra Ranges,2020,721875.02,16.18,46.29,7.79,5.55,15.78,5512.48,21194989.29,117.95,Medium,False
