k,scaled,resample_mean,resample_sd,rowwise_cv_mean,rowwise_cv_sd,grouped_cv_mean,grouped_cv_sd
1,False,0.5694,0.0835,0.5903,0.0847,0.4695,0.1284
1,True,0.7197,0.0677,0.7179,0.0657,0.5343,0.0806
2,False,0.5468,0.0737,0.5488,0.0777,0.4286,0.0756
2,True,0.6959,0.0716,0.7009,0.0616,0.4705,0.0516
3,False,0.6032,0.071,0.5988,0.0797,0.5038,0.046
3,True,0.7668,0.0638,0.7621,0.0698,0.5086,0.1531
4,False,0.6035,0.0711,0.5947,0.0818,0.5352,0.0619
4,True,0.7465,0.0632,0.7388,0.0709,0.5333,0.1157
5,False,0.6191,0.0705,0.6226,0.0842,0.5438,0.0817
5,True,0.7309,0.0598,0.7268,0.0699,0.559,0.0959
6,False,0.62,0.0699,0.6218,0.0811,0.58,0.0855
6,True,0.7129,0.0622,0.7156,0.0711,0.5533,0.0516
7,False,0.6212,0.0686,0.6185,0.0776,0.5362,0.1095
7,True,0.6709,0.0646,0.6806,0.0759,0.5286,0.0833
8,False,0.6244,0.067,0.6171,0.0804,0.5533,0.1395
8,True,0.6797,0.0616,0.6897,0.0692,0.5467,0.0623
9,False,0.6315,0.0715,0.6315,0.082,0.5533,0.1395
9,True,0.6435,0.0584,0.6526,0.0727,0.4829,0.0717
10,False,0.6344,0.0712,0.6326,0.0799,0.5533,0.1587
10,True,0.6562,0.0577,0.6679,0.0641,0.5295,0.0821
11,False,0.6412,0.0722,0.6371,0.08,0.5771,0.1361
11,True,0.6409,0.0603,0.6494,0.0732,0.5057,0.0935
12,False,0.6438,0.072,0.6371,0.0823,0.5962,0.1291
12,True,0.6412,0.0639,0.6535,0.0689,0.4781,0.0596
13,False,0.6444,0.074,0.6441,0.0809,0.5905,0.1342
13,True,0.6338,0.0645,0.6368,0.0728,0.4229,0.0239
14,False,0.6459,0.0742,0.6429,0.0775,0.5333,0.1867
14,True,0.6309,0.068,0.6429,0.0724,0.4238,0.0513
15,False,0.6491,0.0752,0.6471,0.0747,0.499,0.1936
15,True,0.6288,0.0715,0.6335,0.069,0.4,0.035
16,False,0.6482,0.075,0.64,0.0761,0.5048,0.1946
16,True,0.6206,0.074,0.625,0.0742,0.3771,0.0619
17,False,0.6447,0.069,0.6444,0.0805,0.5162,0.1928
17,True,0.625,0.0721,0.6318,0.0726,0.3362,0.0952
18,False,0.6453,0.0756,0.6394,0.0823,0.5514,0.1346
18,True,0.61,0.0739,0.6229,0.0749,0.3657,0.1252
19,False,0.6406,0.0782,0.6412,0.0793,0.5381,0.1352
19,True,0.605,0.0761,0.6241,0.0789,0.4029,0.1311
20,False,0.6447,0.075,0.6406,0.0831,0.5619,0.1332
20,True,0.5947,0.0764,0.6079,0.0756,0.3733,0.1366
