Year,Predictor,Coefficient,Std error,p-value,CI low,CI high,Model R2,Model adj R2,n
2016,EGM Rate,-1435.3272,538.3333,0.0121,-2533.2652,-337.3891,0.1866,0.1341,34
2016,Offence Rate,21.8218,21.3701,0.3151,-21.7628,65.4063,0.1866,0.1341,34
2017,EGM Rate,-1595.978,576.9469,0.0095,-2772.669,-419.2871,0.1982,0.1465,34
2017,Offence Rate,26.9249,24.8117,0.2862,-23.6789,77.5288,0.1982,0.1465,34
2018,EGM Rate,-1518.1744,507.0391,0.0054,-2552.2874,-484.0614,0.2252,0.1752,34
2018,Offence Rate,27.8168,22.8462,0.2326,-18.7784,74.412,0.2252,0.1752,34
2019,EGM Rate,-1522.8862,471.2448,0.0029,-2483.9962,-561.7762,0.2524,0.2041,34
2019,Offence Rate,28.0092,22.8855,0.2302,-18.666,74.6844,0.2524,0.2041,34
2020,EGM Rate,-2455.4959,670.0132,0.0009,-3821.9969,-1088.9949,0.3041,0.2592,34
2020,Offence Rate,36.1521,23.6139,0.1359,-12.0088,84.3131,0.3041,0.2592,34
